﻿<?xml version="1.0" encoding="utf-8" ?>
<demographics total='1' >
  <patient>
    <address streetLine1='145 LINBROOK RD' city='LONGLY' stateProvince='NEW HAMPSHIRE' postalCode='12345' />
    <bid value='B8967' />
    <dob value='2250204' />
    <facilities>
      <facility code='500' name='VAMC ALBANY' />
    </facilities>
    <familyName value='BLSE' />
    <fullName value='BLSE,WLSDHYS' />
    <gender value='M' />
    <givenNames value='WLSDHYS' />
    <icn value='5000000046' />
    <id value='229' />
    <lrdfn value='177' />
    <maritalStatus value='D' />
    <religion value='4' />
    <sc value='1' />
    <scPercent value='10' />
    <sensitive value='1' />
    <ssn value='101028967' />
    <telecomList>
      <telecom usageType='H' value='(000)020-1326' />
    </telecomList>
    <veteran value='1' />
  </patient>
</demographics>